ACCNUM,YEAR,DATE,TIME,STREET1,STREET2,ROAD_CLASS,DISTRICT,WARDNUM,LATITUDE,LONGITUDE,LOCCOORD,ACCLOC,TRAFFCTL,VISIBILITY,LIGHT,RDSFCOND,ACCLASS,IMPACTYPE,INVTYPE,INVAGE,INJURY
4002712534,2014,2014/08/16 04:00:00+00,515,KENNEDY RD,BONIS AVE,Major Arterial,Scarborough,22,43.78575,-79.289455,Intersection,Intersection Related,Traffic Signal,Clear,Dark,Slush,Non-Fatal,Turning Movement,Passenger,72,Non-Fatal
142723300,2014,2014/08/17 04:00:00+00,2306,DAWES RD,GOWER ST,Minor Arterial,Toronto and East York,19,43.702246,-79.296924,Intersection,At Intersection,Traffic Signal,Clear,Dark,Slush,Non-Fatal,Turning Movement,Passenger,72,Non-Fatal
1001151188,2021,2021/06/19 04:00:00+00,2219,LAKE SHORE BLVD W,FORTY SECOND ST,Major Arterial,Etobicoke York,10,43.589678,-79.545596,Intersection,At Intersection,Stop Sign,Clear,Dark,Slush,Non-Fatal,Turning Movement,Passenger,72,Non-Fatal
1001163687,2021,2021/06/21 04:00:00+00,1842,FINCH AVE E,KENNETH AVE,Major Arterial,North York,11,43.780165,-79.413295,Mid-Block,Non Intersection,No Control,Clear,Daylight,Dry,Fatal,Rear End,Passenger,77,Fatal
1001195784,2021,2021/06/26 04:00:00+00,1004,HUNTINGWOOD DR,COLINAYRE CRES,Minor Arterial,Scarborough,22,43.794505,-79.295528,Intersection,At Intersection,No Control,Clear,Daylight,Dry,Fatal,SMV Other,Motorcycle Driver,55,Non-Fatal
1001249614,2021,2021/07/03 04:00:00+00,2233,DON VALLEY PARKWAY  S,GERRARD ST E,Expressway,Toronto and East York,12,43.662265,-79.355258,Mid-Block,Non Intersection,No Control,Clear,Dark,Slush,Non-Fatal,Turning Movement,Passenger,72,Non-Fatal
1001250454,2021,2021/07/04 04:00:00+00,138,KINGSTON RD,SHEPPARD AVE E,Major Arterial,Scarborough,25,43.79885,-79.14619,Intersection,At Intersection,Traffic Signal,Clear,Dark,Slush,Non-Fatal,Turning Movement,Passenger,72,Non-Fatal
1001250737,2021,2021/07/04 04:00:00+00,325,SHEPPARD AVE W,WILLIAM R ALLEN RD,Major Arterial,North York,13,43.750273,-79.465404,Mid-Block,Non Intersection,No Control,Clear,Dark,Dry,Fatal,SMV Other,Motorcycle Driver,32,Non-Fatal
1001297899,2021,2021/07/10 04:00:00+00,2147,WINTERTON DR,LLOYD MANOR RD,Collector,Etobicoke York,14,43.671847,-79.555003,Intersection,At Intersection,Stop Sign,Clear,Dark,Slush,Non-Fatal,Turning Movement,Passenger,72,Non-Fatal
1001364901,2021,2021/07/20 04:00:00+00,1611,CARLINGVIEW DR,CONSTELLATION CRT,Major Arterial,Etobicoke York,15,43.690688,-79.597316,Intersection,At Intersection,No Control,Clear,Daylight,Dry,Fatal,SMV Other,Driver,68,Non-Fatal
1001364901,2021,2021/07/20 04:00:00+00,1611,CARLINGVIEW DR,CONSTELLATION CRT,Major Arterial,Etobicoke York,16,43.690688,-79.597316,Intersection,At Intersection,No Control,Clear,Daylight,Dry,Fatal,SMV Other,Passenger,65,Non-Fatal
1001373443,2021,2021/07/21 04:00:00+00,1937,27 S 427 C S RAMP,HIGHWAY 401 X  E,Expressway Ramp,Etobicoke York,17,43.677428,-79.577968,Mid-Block,Non Intersection,No Control,Clear,Daylight,Dry,Fatal,Rear End,Passenger,35,Non-Fatal
1001388501,2021,2021/07/23 04:00:00+00,2110,2472 KINGSTON RD,Non-Fatal,Major Arterial,Scarborough,18,43.709796,-79.249019,Mid-Block,Non Intersection,Stop Sign,Clear,Dark,Slush,Non-Fatal,Turning Movement,Passenger,72,Non-Fatal
1001428194,2021,2021/07/29 04:00:00+00,1522,751 KIPLING AVE,Non-Fatal,Major Arterial,Etobicoke York,19,43.627307,-79.529269,Mid-Block,At/Near Private Drive,No Control,Clear,Daylight,Dry,Fatal,Turning Movement,Motorcycle Driver,72,Non-Fatal
1001479611,2021,2021/08/05 04:00:00+00,2302,DUFFERIN ST,RANEE AVE,Major Arterial,North York,20,43.721545,-79.456371,Intersection,At Intersection,Traffic Signal,Clear,Dark,Slush,Non-Fatal,Turning Movement,Passenger,72,Non-Fatal
1001538488,2021,2021/08/14 04:00:00+00,243,BLOOR ST W,EAGLE RD,Major Arterial,Etobicoke York,21,43.645354,-79.520053,Mid-Block,Non Intersection,No Control,Clear,Dark,Slush,Non-Fatal,Turning Movement,Passenger,72,Non-Fatal
1001547694,2021,2021/08/15 04:00:00+00,1415,DON VALLEY PARKWAY  N,BAYVIEW BLOOR DVP N RAMP,Expressway,Scarborough,22,43.690997,-79.359271,Mid-Block,Non Intersection,No Control,Clear,Daylight,Dry,Fatal,Rear End,Passenger,72,Non-Fatal
1001569148,2021,2021/08/18 04:00:00+00,1442,YONGE ST,FINCH AVE E,Major Arterial,North York,18,43.779765,-79.415546,Intersection,At Intersection,Traffic Signal,Clear,Daylight,Dry,Fatal,Pedestrian Collisions,Pedestrian,80,Non-Fatal
1001570554,2021,2021/08/18 04:00:00+00,1810,AVENUE RD,BLOOR ST W,Major Arterial,North York,11,43.668646,-79.394099,Mid-Block,Non Intersection,No Control,Clear,Daylight,Dry,Fatal,Cyclist Collisions,Cyclist,18,Fatal
1001585997,2021,2021/08/20 04:00:00+00,2020,NEILSON RD,OAKMEADOW BLVD,Minor Arterial,Scarborough,23,43.79032,-79.212337,Mid-Block,Non Intersection,No Control,Clear,Daylight,Dry,Fatal,Pedestrian Collisions,Pedestrian,30,Non-Fatal
1001597350,2021,2021/08/22 04:00:00+00,1533,CALEDONIA RD,LOTHERTON PTWY,Minor Arterial,North York,24,43.705851,-79.465106,Intersection,At Intersection,No Control,Clear,Daylight,Dry,Fatal,Turning Movement,Motorcycle Driver,72,Non-Fatal
1001608912,2021,2021/08/24 04:00:00+00,844,5 FatalIRVIEW MALL DR,Non-Fatal,Minor Arterial,North York,25,43.779162,-79.34782,Mid-Block,Non Intersection,No Control,Clear,Daylight,Dry,Fatal,Pedestrian Collisions,Pedestrian,85,Fatal
1001622645,2021,2021/08/26 04:00:00+00,330,HARBOUR ST,YORK ST,Major Arterial,Toronto and East York,10,43.640933,-79.380649,Intersection,At Intersection,Traffic Signal,Clear,Dark,Slush,Non-Fatal,Turning Movement,Passenger,72,Non-Fatal
1001633249,2021,2021/08/27 04:00:00+00,1400,QUEENS QUAY WEST,BATHURST ST,Major Arterial,Toronto and East York,10,43.6356,-79.398326,Intersection,At Intersection,Traffic Signal,Clear,Daylight,Dry,Fatal,Pedestrian Collisions,Passenger,72,Non-Fatal
1001657810,2021,2021/08/30 04:00:00+00,2205,BLOOR ST W,DORVAL RD,Major Arterial,Toronto and East York,26,43.655696,-79.454929,Mid-Block,Non Intersection,No Control,Clear,Dusk,Slush,Non-Fatal,Turning Movement,Passenger,72,Non-Fatal
1001719723,2021,2021/09/01 04:00:00+00,1124,COXWELL AVE,GERRARD ST E,Minor Arterial,Toronto and East York,27,43.67525,-79.320316,Intersection,At Intersection,Traffic Signal,Clear,Daylight,Dry,Fatal,Other,Passenger,85,Non-Fatal
1001685952,2021,2021/09/03 04:00:00+00,1735,COLLEGE ST,UNIVERSITY AVE,Major Arterial,Toronto and East York,28,43.659785,-79.390453,Intersection,At Intersection,Traffic Signal,Clear,Daylight,Dry,Fatal,Turning Movement,Motorcycle Driver,72,Non-Fatal
1001791905,2021,2021/09/18 04:00:00+00,1355,LAWRENCE AVE  W,WESTON RD,Major Arterial,Etobicoke York,5,43.700087,-79.516155,Intersection,At Intersection,Traffic Signal,Clear,Daylight,Dry,Fatal,Turning Movement,Motorcycle Driver,72,Non-Fatal
1001804125,2021,2021/09/20 04:00:00+00,1033,VICTORIA PARK AVE,SHEPPARD AVE E,Major Arterial,North York,1722,43.775172,-79.322978,Intersection,At Intersection,Traffic Signal,Clear,Daylight,Dry,Fatal,Pedestrian Collisions,Passenger,72,Non-Fatal
1001888393,2021,2021/10/01 04:00:00+00,2039,EGLINTON AVE E,MIDLAND AVE,Major Arterial,Scarborough,2120,43.734458,-79.258067,Intersection,At Intersection,Traffic Signal,Clear,Dark,Dry,Fatal,Pedestrian Collisions,Pedestrian,72,Non-Fatal
1001896382,2021,2021/10/03 04:00:00+00,132,F G GARDINER XY  E,ISLINGTON AVE,Expressway,Etobicoke York,29,43.621237,-79.5078,Mid-Block,Non Intersection,No Control,Clear,Dark,Dry,Fatal,Rear End,Passenger,55,Fatal
1001961568,2021,2021/10/12 04:00:00+00,1639,PARKSIDE DR,SPRING RD,Major Arterial,Scarborough,4,43.640914,-79.454616,Intersection,Intersection Related,Traffic Signal,Clear,Daylight,Dry,Fatal,Rear End,Passenger,66,Fatal
1001961568,2021,2021/10/12 04:00:00+00,1639,PARKSIDE DR,SPRING RD,Major Arterial,Scarborough,4,43.640914,-79.454616,Intersection,Intersection Related,Traffic Signal,Clear,Daylight,Dry,Fatal,Rear End,Driver,72,Fatal
1001970214,2021,2021/10/13 04:00:00+00,1927,DON MILLS RD,THE DONWAY  W,Minor Arterial,North York,30,43.73189,-79.342868,Mid-Block,Non Intersection,No Control,Clear,Dark,Slush,Non-Fatal,Turning Movement,Passenger,72,Non-Fatal
1001982074,2021,2021/10/15 04:00:00+00,1201,BURNHAMTHORPE RD,SHAVER AVE N,Major Arterial,Etobicoke York,2,43.648104,-79.551654,Intersection,At Intersection,Stop Sign,Clear,Daylight,Dry,Fatal,Angle,Driver,55,Fatal
1002009493,2021,2021/10/19 04:00:00+00,1140,DANFORTH AVE,BIRCHMOUNT RD,Minor Arterial,Scarborough,20,43.696921,-79.263965,Intersection,At Intersection,Traffic Signal,Clear,Daylight,Dry,Fatal,Pedestrian Collisions,Pedestrian,72,Non-Fatal
1002013655,2021,2021/10/19 04:00:00+00,2136,O CONNOR DR,PEPLER AVE,Major Arterial,Toronto and East York,1,43.693316,-79.349239,Mid-Block,Non Intersection,No Control,Clear,Dark,Slush,Non-Fatal,Turning Movement,Passenger,72,Non-Fatal
1002048741,2021,2021/10/24 04:00:00+00,2019,2233 BARTOR RD,Non-Fatal,Minor Arterial,Etobicoke York,7,43.73461,-79.526828,Mid-Block,Non Intersection,No Control,Clear,Dark,Dry,Fatal,Rear End,Driver,45,Non-Fatal
1002054917,2021,2021/10/25 04:00:00+00,1835,LAKE SHORE BLVD W,TWENTY FIRST ST,Major Arterial,Etobicoke York,3,43.597369,-79.520198,Mid-Block,Non Intersection,No Control,Rain,Dusk,Slush,Non-Fatal,Turning Movement,Passenger,72,Non-Fatal
1002090164,2021,2021/10/30 04:00:00+00,1840,KENNEDY RD,LAWRENCE AVE E,Major Arterial,Scarborough,2,43.750979,-79.275401,Mid-Block,Non Intersection,No Control,Rain,Dark,Slush,Non-Fatal,Turning Movement,Passenger,72,Non-Fatal
1002183788,2021,2021/11/12 05:00:00+00,2030,DON VALLEY PARKWAY  S,DUNDAS ST E,Expressway,Toronto and East York,3,43.662001,-79.355159,Mid-Block,Non Intersection,No Control,Clear,Dark,Slush,Non-Fatal,Turning Movement,Passenger,72,Non-Fatal
1002190393,2021,2021/11/13 05:00:00+00,2012,THE QUEENSWAY,HIGH ST,Major Arterial,Etobicoke York,4,43.632056,-79.477725,Mid-Block,Non Intersection,No Control,Clear,Dark,Slush,Non-Fatal,Turning Movement,Passenger,72,Non-Fatal
1002190676,2021,2021/11/13 05:00:00+00,2100,RENFORTH DR,CENTENNIAL PARK GT,Minor Arterial,Etobicoke York,5,43.65372,-79.580486,Mid-Block,Non Intersection,No Control,Clear,Dark,Slush,Non-Fatal,Turning Movement,Passenger,72,Non-Fatal
1002221731,2021,2021/11/18 05:00:00+00,959,SHERBOURNE ST,DUNDAS ST  E,Major Arterial,Toronto and East York,13,43.658221,-79.37099,Intersection,At Intersection,Traffic Signal,Clear,Daylight,Dry,Fatal,Pedestrian Collisions,Passenger,72,Non-Fatal
1002330287,2021,2021/12/03 05:00:00+00,1325,TOWER DR,BRIAN AVE,Local,Scarborough,6,43.747439,-79.299724,Intersection,Intersection Related,Stop Sign,Clear,Daylight,Dry,Fatal,SMV Other,Driver,82,Fatal
1002384384,2021,2021/12/10 05:00:00+00,2345,LAKE SHORE BLVD E,LOWER JARVIS ST,Major Arterial,Scarborough,7,43.645503,-79.369815,Mid-Block,Non Intersection,Traffic Signal,Clear,Dark,Dry,Fatal,Pedestrian Collisions,Pedestrian,72,Non-Fatal
1002386733,2021,2021/12/11 05:00:00+00,1132,MIDLAND AVE,BROADBENT AVE,Major Arterial,Scarborough,21,43.738864,-79.259937,Intersection,At Intersection,Traffic Signal,Clear,Daylight,Wet,Fatal,Pedestrian Collisions,Pedestrian,72,Non-Fatal
1002396112,2021,2021/12/12 05:00:00+00,1930,3805 SHEPPARD AVE E,Non-Fatal,Major Arterial,Scarborough,8,43.782389,-79.29182,Mid-Block,Non Intersection,No Control,Strong wind,Dark,Slush,Non-Fatal,Turning Movement,Passenger,72,Non-Fatal
1002433478,2021,2021/12/18 05:00:00+00,10,LAWRENCE AVE E,PHARMACY AVE,Major Arterial,Scarborough,21,43.74317,-79.304607,Intersection,At Intersection,Traffic Signal,Clear,Dark,Slush,Non-Fatal,Turning Movement,Passenger,72,Non-Fatal
1002462552,2021,2021/12/22 05:00:00+00,1353,MCCOWAN RD,ALTON TOWERS CRCL,Major Arterial,Scarborough,1,43.820834,-79.273273,Mid-Block,Non Intersection,No Control,Snow,Daylight,Wet,Fatal,SMV Other,Driver,65,Fatal
1002486085,2021,2021/12/26 05:00:00+00,1402,YONGE ST,RICHMOND ST E,Major Arterial,Toronto and East York,3,43.651618,-79.378948,Intersection,At Intersection,Traffic Signal,Clear,Daylight,Dry,Fatal,Pedestrian Collisions,Pedestrian,72,Non-Fatal
2000036960,2022,2022/01/06 05:00:00+00,1942,LAWRENCE AVE E,BROCKLEY DR,Major Arterial,Scarborough,2,43.751959,-79.262477,Intersection,At Intersection,Traffic Signal,Clear,Dark,Dry,Fatal,Pedestrian Collisions,Pedestrian,75,Non-Fatal
2000145218,2022,2022/01/22 05:00:00+00,2306,WESTON RD,DEE AVE,Major Arterial,Etobicoke York,5,43.711131,-79.535136,Intersection,Intersection Related,No Control,Clear,Dark,Slush,Non-Fatal,Turning Movement,Passenger,72,Non-Fatal
2000184133,2022,2022/01/28 05:00:00+00,1506,THE QUEENSWAY,ISLINGTON AVE,Major Arterial,Etobicoke York,3,43.623351,-79.515498,Mid-Block,Non Intersection,No Control,Clear,Daylight,Dry,Fatal,Pedestrian Collisions,Passenger,72,Non-Fatal
2000223282,2022,2022/02/03 05:00:00+00,922,F G GARDINER XY  W,ROYAL YORK RD,Expressway,Etobicoke York,2,43.622718,-79.501651,Mid-Block,Non Intersection,No Control,Clear,Daylight,Wet,Fatal,Rear End,Driver,72,Non-Fatal
2000320162,2022,2022/02/18 05:00:00+00,1144,BAY ST,COLLEGE ST,Major Arterial,Etobicoke York,1113,43.660742,-79.385814,Intersection,At Intersection,Traffic Signal,Clear,Daylight,Wet,Fatal,Pedestrian Collisions,Pedestrian,72,Non-Fatal
2000375775,2022,2022/02/27 05:00:00+00,348,YORE RD,KEELE ST,Major Arterial,Toronto and East York,1,43.691695,-79.474223,Intersection,Intersection Related,No Control,Clear,Dark,Slush,Non-Fatal,Turning Movement,Passenger,72,Non-Fatal
2000383216,2022,2022/02/28 05:00:00+00,1050,FINCH AVE E,MCCOWAN RD,Major Arterial,Scarborough,1,43.807955,-79.266467,Intersection,At Intersection,Traffic Signal,Clear,Daylight,Dry,Fatal,Pedestrian Collisions,Pedestrian,45,Non-Fatal
2000422292,2022,2022/03/06 05:00:00+00,240,LAKE SHORE BLVD W,JAMESON AVE,Major Arterial,Toronto and East York,3,43.633368,-79.43645,Mid-Block,Non Intersection,No Control,Clear,Dark,Dry,Fatal,SMV Other,Passenger,18,Fatal
2000425405,2022,2022/03/06 05:00:00+00,1521,DUNDAS ST E,BOND ST,Local,Toronto and East York,2,43.656188,-79.378276,Mid-Block,At/Near Private Drive,No Control,Clear,Daylight,Dry,Fatal,Pedestrian Collisions,Pedestrian,36,Non-Fatal
2000598961,2022,2022/03/31 04:00:00+00,1736,LAKE SHORE BLVD W,SUPERIOR AVE,Major Arterial,Etobicoke York,3,43.614878,-79.48862,Intersection,At Intersection,Traffic Signal,Clear,Daylight,Dry,Fatal,Pedestrian Collisions,Pedestrian,72,Non-Fatal
2000598961,2022,2022/03/31 04:00:00+00,1736,LAKE SHORE BLVD W,SUPERIOR AVE,Major Arterial,Etobicoke York,3,43.614878,-79.48862,Intersection,At Intersection,Traffic Signal,Clear,Daylight,Dry,Fatal,Pedestrian Collisions,Driver,72,Non-Fatal
2000598961,2022,2022/03/31 04:00:00+00,1736,LAKE SHORE BLVD W,SUPERIOR AVE,Major Arterial,Etobicoke York,3,43.614878,-79.48862,Intersection,At Intersection,Traffic Signal,Clear,Daylight,Dry,Fatal,Pedestrian Collisions,Pedestrian,72,Non-Fatal
2000627947,2022,2022/04/05 04:00:00+00,125,LANSDOWNE AVE,LAPPIN AVE,Minor Arterial,Etobicoke York,5,43.664824,-79.445697,Mid-Block,Non Intersection,No Control,Clear,Dark,Slush,Non-Fatal,Turning Movement,Passenger,72,Non-Fatal
2000630643,2022,2022/04/05 04:00:00+00,1230,FINCH AVE W,400 S FINCH E RAMP,Major Arterial,Etobicoke York,4,43.753958,-79.532718,Mid-Block,Non Intersection,No Control,Clear,Daylight,Dry,Fatal,Pedestrian Collisions,Pedestrian,72,Non-Fatal
2000692125,2022,2022/04/14 04:00:00+00,316,SPADINA AVE,KING ST W,Major Arterial,Toronto and East York,3,43.644992,-79.394862,Mid-Block,Non Intersection,No Control,Rain,Dark,Slush,Non-Fatal,Turning Movement,Passenger,72,Non-Fatal
2000699120,2022,2022/04/15 04:00:00+00,43,DON VALLEY PARKWAY  S,LEASIDE BDGE,Expressway,Toronto and East York,6,43.697924,-79.350124,Mid-Block,Non Intersection,No Control,Clear,Dark,Slush,Non-Fatal,Turning Movement,Passenger,72,Non-Fatal
2000774562,2022,2022/04/26 04:00:00+00,1149,BLUFFWOOD DR,STEELES AVE E,Major Arterial,North York,17,43.807639,-79.376056,Intersection,At Intersection,Traffic Signal,Clear,Daylight,Dry,Fatal,Pedestrian Collisions,Pedestrian,72,Non-Fatal
2000899254,2022,2022/05/13 04:00:00+00,2210,SALINAS CRT,ROSELAWN AVE,Local,Toronto and East York,2,43.70048,-79.449024,Intersection,Intersection Related,No Control,Clear,Dark,Slush,Non-Fatal,Turning Movement,Passenger,72,Non-Fatal
2000963706,2022,2022/05/22 04:00:00+00,1911,2467 QUEEN ST E,DUNDAS ST E,Minor Arterial,Toronto and East York,4,43.673403,-79.283077,Intersection,At Intersection,Stop Sign,Clear,Daylight,Dry,Fatal,SMV Other,Driver,65,Fatal
2000986496,2022,2022/05/25 04:00:00+00,2312,LAKE SHORE BLVD W,BRITISH COLUMBIA RD,Major Arterial,Toronto and East York,1,43.630168,-79.426128,Mid-Block,Non Intersection,No Control,Clear,Dark,Slush,Non-Fatal,Turning Movement,Passenger,72,Non-Fatal
2001122186,2022,2022/06/13 04:00:00+00,1815,SHEPPARD AVE W,SENTINEL RD,Major Arterial,North York,6,43.743579,-79.491809,Intersection,At Intersection,Traffic Signal,Clear,Daylight,Dry,Fatal,Turning Movement,Motorcycle Driver,72,Non-Fatal
2001166978,2022,2022/06/20 04:00:00+00,47,MARKHAM RD,BLAKEMANOR BLVD,Major Arterial,Scarborough,24,43.749045,-79.221446,Mid-Block,Non Intersection,No Control,Clear,Dark,Slush,Non-Fatal,Turning Movement,Passenger,72,Non-Fatal
2001175617,2022,2022/06/21 04:00:00+00,906,28 TREMONT CRES,Non-Fatal,Local,North York,16,43.736521,-79.352756,Mid-Block,Non Intersection,No Control,Clear,Daylight,Dry,Fatal,Pedestrian Collisions,Pedestrian,85,Fatal
2001202991,2022,2022/06/24 04:00:00+00,2210,1760 Albion Rd,Non-Fatal,Major Arterial,Etobicoke York,1,43.743365,-79.603,Mid-Block,Non Intersection,No Control,Clear,Dark,Slush,Non-Fatal,Turning Movement,Passenger,72,Non-Fatal
2001252821,2022,2022/07/01 04:00:00+00,2341,WELLINGTON ST W,UNIVERSITY AVE,Major Arterial,Toronto and East York,10,43.646311,-79.384059,Intersection,At Intersection,Traffic Signal,Clear,Dark,Slush,Non-Fatal,Turning Movement,Passenger,72,Non-Fatal
2001265655,2022,2022/07/03 04:00:00+00,2245,701 WARDEN AVE,Non-Fatal,Minor Arterial,Scarborough,1,43.710311,-79.280322,Mid-Block,Non Intersection,No Control,Clear,Dusk,Slush,Non-Fatal,Turning Movement,Passenger,72,Non-Fatal
2001361814,2022,2022/07/16 04:00:00+00,2237,NORTH QUEEN ST,MANSTOR RD,Minor Arterial,Etobicoke York,2,43.618144,-79.557628,Intersection,Intersection Related,No Control,Clear,Dark,Slush,Non-Fatal,Turning Movement,Passenger,72,Non-Fatal
2001395408,2022,2022/07/21 04:00:00+00,1510,WARDEN AVE,COMSTOCK RD,Major Arterial,Scarborough,20,43.721461,-79.284953,Intersection,At Intersection,Traffic Signal,Clear,Daylight,Dry,Fatal,Pedestrian Collisions,Pedestrian,72,Non-Fatal
2001414066,2022,2022/07/24 04:00:00+00,142,BRIMLEY RD,WATERFIELD DR,Major Arterial,Scarborough,21,43.765128,-79.259509,Intersection,At Intersection,Traffic Signal,Clear,Dark,Slush,Non-Fatal,Turning Movement,Passenger,72,Non-Fatal
2001421096,2022,2022/07/25 04:00:00+00,403,KINGSTON RD,SCARBOROUGH GOLF CLUB RD,Major Arterial,Scarborough,24,43.745928,-79.209316,Intersection,Intersection Related,Traffic Signal,Clear,Dawn,Dry,Fatal,SMV Other,Driver,50,Non-Fatal
2001458223,2022,2022/07/30 04:00:00+00,336,WILSON AVE,CLAYSON RD,Major Arterial,North York,7,43.717631,-79.522998,Intersection,At Intersection,Traffic Signal,Clear,Dark,Slush,Non-Fatal,Turning Movement,Passenger,72,Non-Fatal
2001464726,2022,2022/07/31 04:00:00+00,112,KENNEDY RD,TRANSWAY CRES,Major Arterial,Scarborough,20,43.731146,-79.26752,Intersection,At Intersection,No Control,Clear,Dark,Slush,Non-Fatal,Turning Movement,Passenger,72,Non-Fatal
2001477527,2022,2022/08/01 04:00:00+00,2222,STEELES AVE E,SEWELLS RD,Minor Arterial,Scarborough,3,43.84653,-79.207355,Mid-Block,Non Intersection,No Control,Clear,Dark,Dry,Fatal,Approaching,Driver,42,Fatal
2001490698,2022,2022/08/03 04:00:00+00,1800,ROYAL YORK RD,STANLEY AVE,Minor Arterial,Etobicoke York,3,43.614253,-79.497592,Intersection,At Intersection,No Control,Clear,Daylight,Dry,Fatal,Pedestrian Collisions,Pedestrian,72,Non-Fatal
2001503800,2022,2022/08/05 04:00:00+00,1533,VICTORIA PARK AVE,SURREY AVE,Major Arterial,Scarborough,5,43.736197,-79.307391,Intersection,At/Near Private Drive,Traffic Signal,Clear,Daylight,Dry,Fatal,Turning Movement,Passenger,72,Non-Fatal
2001513623,2022,2022/08/07 04:00:00+00,13,HIGHWAY 2A  E,HIGHLAND CREEK OVERPASS,Expressway,Scarborough,6,43.784403,-79.165149,Mid-Block,Non Intersection,No Control,Clear,Dark,Dry,Fatal,Pedestrian Collisions,Passenger,72,Non-Fatal
2001527997,2022,2022/08/09 04:00:00+00,532,STEELES AVE W,BATHURST ST,Major Arterial,North York,618,43.792338,-79.445712,Intersection,At Intersection,Traffic Signal,Clear,Dark,Dry,Fatal,Rear End,Passenger,32,Fatal
2001538160,2022,2022/08/10 04:00:00+00,1438,BLOOR ST W,JOPLING AVE S,Major Arterial,Etobicoke York,23,43.640822,-79.539516,Intersection,At Intersection,Stop Sign,Clear,Daylight,Dry,Fatal,Turning Movement,Motorcycle Driver,72,Non-Fatal
2001549410,2022,2022/08/12 04:00:00+00,410,DUFFERIN ST,GERRY FITZGERALD DR,Major Arterial,North York,2,43.783106,-79.470119,Mid-Block,Non Intersection,No Control,Clear,Dawn,Slush,Non-Fatal,Turning Movement,Passenger,72,Non-Fatal
2001624731,2022,2022/08/22 04:00:00+00,2031,2978 WESTON RD,Non-Fatal,Major Arterial,Etobicoke York,1,43.726855,-79.535571,Mid-Block,Non Intersection,No Control,Rain,Dark,Slush,Non-Fatal,Turning Movement,Passenger,72,Non-Fatal
2001712442,2022,2022/09/03 04:00:00+00,2100,WILSON AVE,CORNELIUS PKWY,Major Arterial,Toronto and East York,2,43.728224,-79.477031,Intersection,At Intersection,No Control,Clear,Dark,Dry,Fatal,Cyclist Collisions,Cyclist,42,Fatal
2001720780,2022,2022/09/05 04:00:00+00,424,YONGE ST,COLLEGE ST,Major Arterial,Toronto and East York,1113,43.661299,-79.383067,Intersection,At Intersection,Traffic Signal,Clear,Dark,Slush,Non-Fatal,Turning Movement,Passenger,72,Non-Fatal
2002282330,2022,2022/09/23 04:00:00+00,304,STEELES AVE E,SEWELLS RD,Minor Arterial,Scarborough,1,43.845439,-79.212268,Mid-Block,Non Intersection,No Control,Clear,Dark,Dry,Fatal,SMV Other,Passenger,18,Fatal
2001863583,2022,2022/09/24 04:00:00+00,2218,DUFFERIN ST,MARTIN ST,Major Arterial,Toronto and East York,3,43.689425,-79.447688,Mid-Block,Non Intersection,No Control,Clear,Dark,Slush,Non-Fatal,Turning Movement,Passenger,72,Non-Fatal
2001898372,2022,2022/09/29 04:00:00+00,1920,SKYWAY AVE,DIXON RD,Minor Arterial,North York,2,43.686701,-79.58604,Mid-Block,Non Intersection,No Control,Rain,Daylight,Slush,Fatal,Turning Movement,Motorcycle Driver,52,Fatal
2002129087,2022,2022/11/01 04:00:00+00,1729,MARKHAM RD,EASTPARK BLVD,Major Arterial,Scarborough,24,43.755606,-79.224025,Intersection,At Intersection,Traffic Signal,Clear,Daylight,Dry,Fatal,Turning Movement,Motorcycle Driver,72,Non-Fatal
2002229988,2022,2022/11/15 05:00:00+00,1825,DON MILLS RD,DVP S DON MILLS S RAMP RD,Major Arterial,Toronto and East York,2,43.701083,-79.337535,Mid-Block,Non Intersection,No Control,Rain,Dusk,Wet,Fatal,Rear End,Driver,75,Non-Fatal
2002286735,2022,2022/11/23 05:00:00+00,1627,ST CLAIR AVE E,YONGE ST,Major Arterial,Scarborough,12,43.68801,-79.394099,Intersection,At Intersection,Traffic Signal,Clear,Daylight,Dry,Fatal,Cyclist Collisions,Cyclist,20,Non-Fatal
2002424464,2022,2022/12/12 05:00:00+00,1118,DUNDAS ST W,SPADINA AVE,Major Arterial,Toronto and East York,3,43.652869,-79.398006,Intersection,At Intersection,Traffic Signal,Clear,Daylight,Dry,Fatal,Pedestrian Collisions,Pedestrian,72,Non-Fatal
2002431114,2022,2022/12/13 05:00:00+00,910,STEELES AVE W,KIPLING AVE,Major Arterial,Etobicoke York,1,43.759535,-79.589862,Intersection,At Intersection,Traffic Signal,Clear,Daylight,Dry,Fatal,Turning Movement,Driver,80,Non-Fatal
Non-Fatal,2019,2019/02/25 05:00:00+00,1949,FINCH AVE W,PEARLDALE AVE,Major Arterial,Etobicoke York,7,43.747695,-79.562312,Intersection,At Intersection,Traffic Signal,Other,Dark,Other,Fatal,Pedestrian Collisions,Pedestrian,80,Non-Fatal